user,post,comment
389,270,This is exactly what I needed—thank you so much!
437,152,This post just convinced me to start learning more about this topic!
323,272,"I wish I had read this earlier, it would have saved me so much time!"
367,111,What are the main challenges when implementing this?
389,6,Are there any common mistakes beginners should avoid?
306,63,Do you think this will replace traditional methods in the near future?
315,106,I’m still confused about one aspect—can you clarify this part?
349,53,This is a great read! I really appreciate the insights you shared.
314,102,What’s the best way for a beginner to start learning about this?
333,145,Would love to see benchmarks comparing this to other methods.
384,88,Do you think this will replace traditional methods in the near future?
323,49,How does this compare to other similar techniques?
312,31,Do you have any book recommendations on this topic?
415,146,I’d love to see some practical case studies on this.
313,217,"Fantastic breakdown, I really enjoyed reading this!"
318,50,Would you recommend any open-source tools for this?
305,96,"I appreciate the detailed explanation, very helpful."
388,25,Do you think this is the future of AI development?
377,141,This is a great read! I really appreciate the insights you shared.
374,96,Are there any common mistakes beginners should avoid?
395,164,This is exactly what I needed—thank you so much!
348,210,This is a great read! I really appreciate the insights you shared.
373,226,"I’ve been struggling with this topic, but your post made it much clearer!"
380,20,What do you think about the ethical implications of this technology?
433,266,How does this integrate with existing machine learning pipelines?
333,183,"Your content is always top-notch, I look forward to more posts!"
413,46,Would you recommend any open-source tools for this?
359,20,I’ve seen conflicting information on this—what’s your take?
327,6,Would you recommend any open-source tools for this?
392,125,"I’ve been struggling with this topic, but your post made it much clearer!"
373,180,This is exactly what I needed—thank you so much!
329,277,"I appreciate the detailed explanation, very helpful."
388,290,"This was very engaging to read, great work!"
334,75,What are some underrated resources to learn more about this?
417,94,Can you provide some real-world applications of this concept?
334,239,Would love to see benchmarks comparing this to other methods.
425,55,How does this technique compare to recent advancements in the field?
398,237,"This was very engaging to read, great work!"
305,295,"I’ve shared this with my colleagues, such a valuable resource!"
316,276,I’d love to hear your thoughts on the future of this field.
410,151,How do you think this approach compares to traditional methods?
341,38,"Really loved the examples you provided, very practical!"
404,62,Are there any good GitHub repositories you’d recommend?
363,132,Do you think this will replace traditional methods in the near future?
408,32,Do you have any tutorials or courses you’d recommend?
435,190,The way you explained this makes it so much easier to grasp.
379,256,Your writing style makes complex topics so easy to understand!
420,205,Do you think this is the future of AI development?
386,268,How does this integrate with existing machine learning pipelines?
395,197,This is exactly what I needed—thank you so much!
368,177,"I’ve shared this with my colleagues, such a valuable resource!"
368,202,"Really loved the examples you provided, very practical!"
399,122,Do you have any book recommendations on this topic?
307,260,This is a great read! I really appreciate the insights you shared.
351,262,How do you handle the limitations of this approach?
409,173,Can you provide some real-world applications of this concept?
407,258,Would love to see more posts diving deeper into the technical aspects.
380,266,Do you think this is the future of AI development?
341,291,How do you think this approach compares to traditional methods?
401,248,How does this scale when dealing with large datasets?
355,60,The way you explained this makes it so much easier to grasp.
358,285,I’m still confused about one aspect—can you clarify this part?
358,36,What are some underrated resources to learn more about this?
353,13,Super interesting! I’d love to see a follow-up on this.
424,63,I’ve seen conflicting information on this—what’s your take?
381,60,What do you think about the ethical implications of this technology?
320,269,What do you think about the ethical implications of this technology?
392,161,I’m curious—what inspired you to write about this?
314,207,What do you think about the ethical implications of this technology?
373,84,I never knew this was possible—amazing innovation!
335,167,"Amazing explanation, really helped me understand the topic better."
358,201,I’d love to hear your thoughts on the future of this field.
365,33,Could you expand on how this works in production environments?
366,246,Do you have any book recommendations on this topic?
438,75,I’m still confused about one aspect—can you clarify this part?
372,10,How do you handle the limitations of this approach?
393,80,Do you think this method will become industry standard soon?
401,161,What do you think about the ethical implications of this technology?
406,179,"Amazing explanation, really helped me understand the topic better."
360,258,This is a great read! I really appreciate the insights you shared.
304,178,Would love to see benchmarks comparing this to other methods.
330,80,What are some underrated resources to learn more about this?
339,96,Are there any good GitHub repositories you’d recommend?
349,47,"I’ve shared this with my colleagues, such a valuable resource!"
431,207,"I’ve shared this with my colleagues, such a valuable resource!"
350,162,Do you think this will replace traditional methods in the near future?
413,122,"I’ve been experimenting with this, and your post gave me new ideas!"
350,35,"I wish I had read this earlier, it would have saved me so much time!"
403,111,What are the performance trade-offs of using this method?
309,221,"I appreciate the detailed explanation, very helpful."
350,195,"Really loved the examples you provided, very practical!"
417,20,This post just convinced me to start learning more about this topic!
358,116,I’d love to see some practical case studies on this.
401,2,Do you think this will replace traditional methods in the near future?
337,236,How does this scale when dealing with large datasets?
415,274,"Your content is always top-notch, I look forward to more posts!"
367,294,"This was a very informative post, thank you!"
331,156,Would love to see benchmarks comparing this to other methods.
357,182,How does this compare to other similar techniques?
362,74,I’d love to see some practical case studies on this.
368,121,What are the performance trade-offs of using this method?
371,31,"Your content is always top-notch, I look forward to more posts!"
324,252,"This was very engaging to read, great work!"
314,260,Have you written any research papers on this topic?
357,183,I’ve seen conflicting information on this—what’s your take?
416,19,I never thought about it this way—very enlightening!
375,57,I never thought about it this way—very enlightening!
386,69,What are the main challenges when implementing this?
308,2,This post just convinced me to start learning more about this topic!
397,111,I’m curious—what inspired you to write about this?
391,129,What are the performance trade-offs of using this method?
362,145,The way you explained this makes it so much easier to grasp.
306,158,"This was very engaging to read, great work!"
361,227,Do you think this will replace traditional methods in the near future?
344,28,I’ve seen conflicting information on this—what’s your take?
422,76,Do you think this is the future of AI development?
424,138,Do you think this method will become industry standard soon?
408,109,"Your content is always top-notch, I look forward to more posts!"
377,190,Could you expand on how this works in production environments?
412,153,Do you have any tutorials or courses you’d recommend?
422,37,What’s the best way for a beginner to start learning about this?
371,82,How does this integrate with existing machine learning pipelines?
322,220,Do you think this is the future of AI development?
370,82,Can you provide some real-world applications of this concept?
347,273,This is a great read! I really appreciate the insights you shared.
315,77,This is a great read! I really appreciate the insights you shared.
437,105,"I appreciate the detailed explanation, very helpful."
321,230,Have you worked on a project using this? Would love to hear about it!
388,47,I’m curious—what inspired you to write about this?
429,181,The way you explained this makes it so much easier to grasp.
424,293,This post just convinced me to start learning more about this topic!
429,270,This is a great read! I really appreciate the insights you shared.
384,200,Are there any common mistakes beginners should avoid?
371,48,Your writing style makes complex topics so easy to understand!
371,240,How does this technique compare to recent advancements in the field?
403,236,I never thought about it this way—very enlightening!
312,58,How does this technique compare to recent advancements in the field?
391,260,What’s the best way for a beginner to start learning about this?
336,158,How does this scale when dealing with large datasets?
349,148,"I wish I had read this earlier, it would have saved me so much time!"
417,234,"I wish I had read this earlier, it would have saved me so much time!"
321,175,This post just convinced me to start learning more about this topic!
334,27,Could you expand on how this works in production environments?
343,123,I’d love to see some practical case studies on this.
378,134,"Really loved the examples you provided, very practical!"
410,182,Thank you for breaking this down so clearly!
323,241,What do you think about the ethical implications of this technology?
312,11,Are there any common mistakes beginners should avoid?
316,250,Would you recommend any open-source tools for this?
313,187,"Your content is always top-notch, I look forward to more posts!"
321,35,Super interesting! I’d love to see a follow-up on this.
376,184,I never thought about it this way—very enlightening!
336,133,I’m still confused about one aspect—can you clarify this part?
395,264,I never thought about it this way—very enlightening!
325,294,How do you handle the limitations of this approach?
426,112,I never thought about it this way—very enlightening!
343,94,"Really loved the examples you provided, very practical!"
326,7,Do you have any book recommendations on this topic?
315,137,This post just convinced me to start learning more about this topic!
423,202,How do you handle the limitations of this approach?
333,173,Would love to see benchmarks comparing this to other methods.
380,189,How does this technique compare to recent advancements in the field?
311,57,I’ve seen conflicting information on this—what’s your take?
429,167,This is a great read! I really appreciate the insights you shared.
426,122,Do you have any tutorials or courses you’d recommend?
412,285,"Amazing explanation, really helped me understand the topic better."
357,62,Do you think this is the future of AI development?
382,28,Are there any common mistakes beginners should avoid?
351,157,What are the performance trade-offs of using this method?
309,71,How does this compare to other similar techniques?
414,126,Do you think this is the future of AI development?
363,295,How do you think this approach compares to traditional methods?
305,7,I’m curious—what inspired you to write about this?
411,87,Could you expand on how this works in production environments?
362,32,"This was a very informative post, thank you!"
323,119,Would you recommend any open-source tools for this?
361,166,The way you explained this makes it so much easier to grasp.
421,87,Would love to see more posts diving deeper into the technical aspects.
435,117,This post just convinced me to start learning more about this topic!
391,276,"I’ve been experimenting with this, and your post gave me new ideas!"
360,167,This is a great read! I really appreciate the insights you shared.
335,164,I’d love to hear your thoughts on the future of this field.
435,100,How does this integrate with existing machine learning pipelines?
363,6,Do you think this will replace traditional methods in the near future?
429,27,Do you think this is the future of AI development?
413,269,Do you think this method will become industry standard soon?
332,106,How does this scale when dealing with large datasets?
436,193,How do you handle the limitations of this approach?
351,173,"This was very engaging to read, great work!"
362,242,The way you explained this makes it so much easier to grasp.
392,10,I’d love to see some practical case studies on this.
354,38,What are the main challenges when implementing this?
306,146,Do you think this will replace traditional methods in the near future?
380,115,Do you have any tutorials or courses you’d recommend?
375,6,Thank you for breaking this down so clearly!
370,87,How does this technique compare to recent advancements in the field?
330,10,"I appreciate the detailed explanation, very helpful."
328,96,Do you think this will replace traditional methods in the near future?
427,67,Would love to see more posts diving deeper into the technical aspects.
376,1,"I’ve been struggling with this topic, but your post made it much clearer!"
391,96,How does this integrate with existing machine learning pipelines?
362,120,Do you have any book recommendations on this topic?
382,150,How does this technique compare to recent advancements in the field?
401,70,I’d love to hear your thoughts on the future of this field.
374,291,"Your content is always top-notch, I look forward to more posts!"
355,153,I’ve seen conflicting information on this—what’s your take?
365,117,"Really loved the examples you provided, very practical!"
364,266,Are there any good GitHub repositories you’d recommend?
399,17,What are the performance trade-offs of using this method?
376,26,Do you think this method will become industry standard soon?
341,51,Do you think this will replace traditional methods in the near future?
427,102,What do you think about the ethical implications of this technology?
404,107,Are there any common mistakes beginners should avoid?
376,293,How does this scale when dealing with large datasets?
418,30,Your writing style makes complex topics so easy to understand!
394,209,Super interesting! I’d love to see a follow-up on this.
348,225,This post just convinced me to start learning more about this topic!
342,46,Are there any common mistakes beginners should avoid?
413,262,How do you handle the limitations of this approach?
318,261,I never knew this was possible—amazing innovation!
379,255,Do you think this is the future of AI development?
420,44,This is a great read! I really appreciate the insights you shared.
432,273,Do you have any book recommendations on this topic?
410,276,"I’ve been experimenting with this, and your post gave me new ideas!"
337,56,"Fantastic breakdown, I really enjoyed reading this!"
349,255,Super interesting! I’d love to see a follow-up on this.
349,46,Do you think this method will become industry standard soon?
316,46,"Really loved the examples you provided, very practical!"
377,57,Have you worked on a project using this? Would love to hear about it!
382,255,The way you explained this makes it so much easier to grasp.
403,43,"Amazing explanation, really helped me understand the topic better."
333,262,Super interesting! I’d love to see a follow-up on this.
349,47,What are the main challenges when implementing this?
353,245,Have you worked on a project using this? Would love to hear about it!
367,153,Thank you for breaking this down so clearly!
375,196,Super interesting! I’d love to see a follow-up on this.
434,149,What are the performance trade-offs of using this method?
380,25,Would you recommend any open-source tools for this?
429,71,"Your content is always top-notch, I look forward to more posts!"
368,252,"Really loved the examples you provided, very practical!"
310,170,How does this technique compare to recent advancements in the field?
394,219,I’d love to hear your thoughts on the future of this field.
408,228,The way you explained this makes it so much easier to grasp.
310,179,Would you recommend any open-source tools for this?
379,104,Can you provide some real-world applications of this concept?
368,100,Are there any good GitHub repositories you’d recommend?
384,253,"Really loved the examples you provided, very practical!"
431,213,Have you worked on a project using this? Would love to hear about it!
381,31,I’d love to hear your thoughts on the future of this field.
360,207,Do you have any book recommendations on this topic?